{
  "2D": 326.985999822617,
  "3D": 2042.63499832153,
  "AssetLib": 204.301000833511,
  "Dialogic": 3.39600014686584,
  "Editor": 8732.09499955177,
  "External": 6139.24300050735,
  "Script": 15.5339999198914
}